platform,family,scheme,implementation,app,metric,count,average,median,min,max
nucleo-l4r5zi,crypto_kem,ZEN-128,m4,speed,keypair_cycles,100,"327,003","319,200","311,394","405,048"
nucleo-l4r5zi,crypto_kem,ZEN-128,m4,speed,encaps_cycles,100,"219,101","219,100","219,100","219,141"
nucleo-l4r5zi,crypto_kem,ZEN-128,m4,speed,decaps_cycles,100,"373,942","373,941","373,941","373,978"
nucleo-l4r5zi,crypto_kem,ZEN-128,ref,speed,keypair_cycles,100,"581,827","581,489","564,680","665,534"
nucleo-l4r5zi,crypto_kem,ZEN-128,ref,speed,encaps_cycles,100,"335,801","335,800","335,800","335,840"
nucleo-l4r5zi,crypto_kem,ZEN-128,ref,speed,decaps_cycles,100,"1,237,272","1,237,269","1,237,269","1,237,310"
nucleo-l4r5zi,crypto_kem,ZEN-256,m4,speed,keypair_cycles,100,"749,405","747,578","686,743","990,922"
nucleo-l4r5zi,crypto_kem,ZEN-256,m4,speed,encaps_cycles,100,"297,378","297,377","297,377","297,379"
nucleo-l4r5zi,crypto_kem,ZEN-256,m4,speed,decaps_cycles,100,"644,294","644,292","644,292","644,331"
nucleo-l4r5zi,crypto_kem,ZEN-256,ref,speed,keypair_cycles,100,"1,275,869","1,271,455","1,208,441","1,901,585"
nucleo-l4r5zi,crypto_kem,ZEN-256,ref,speed,encaps_cycles,100,"614,839","614,839","614,838","614,878"
nucleo-l4r5zi,crypto_kem,ZEN-256,ref,speed,decaps_cycles,100,"3,917,055","3,917,045","3,917,045","3,917,087"
nucleo-l4r5zi,crypto_kem,ZEN-512,m4,speed,keypair_cycles,100,"2,128,892","1,959,826","1,959,786","3,219,083"
nucleo-l4r5zi,crypto_kem,ZEN-512,m4,speed,encaps_cycles,100,"880,119","880,117","880,117","880,161"
nucleo-l4r5zi,crypto_kem,ZEN-512,m4,speed,decaps_cycles,100,"1,564,921","1,564,918","1,564,918","1,564,959"
nucleo-l4r5zi,crypto_kem,ZEN-512,ref,speed,keypair_cycles,100,"3,932,012","3,926,482","3,742,458","4,662,616"
nucleo-l4r5zi,crypto_kem,ZEN-512,ref,speed,encaps_cycles,100,"1,645,119","1,645,115","1,645,115","1,645,154"
nucleo-l4r5zi,crypto_kem,ZEN-512,ref,speed,decaps_cycles,100,"13,764,005","13,764,012","13,763,975","13,764,015"
